{
    "name": "root",
    "gauges": {
        "simple_deer.Policy.Entropy.mean": {
            "value": 0.0019247611053287983,
            "min": 0.0019247611053287983,
            "max": 0.5279731750488281,
            "count": 16
        },
        "simple_deer.Policy.Entropy.sum": {
            "value": 19.295730590820312,
            "min": 19.295730590820312,
            "max": 5292.40283203125,
            "count": 16
        },
        "simple_deer.Step.mean": {
            "value": 159967.0,
            "min": 9960.0,
            "max": 159967.0,
            "count": 16
        },
        "simple_deer.Step.sum": {
            "value": 159967.0,
            "min": 9960.0,
            "max": 159967.0,
            "count": 16
        },
        "simple_deer.Policy.ExtrinsicValueEstimate.mean": {
            "value": -0.3710821568965912,
            "min": -0.40846019983291626,
            "max": 0.9763196110725403,
            "count": 16
        },
        "simple_deer.Policy.ExtrinsicValueEstimate.sum": {
            "value": -59.373146057128906,
            "min": -65.35363006591797,
            "max": 152.3058624267578,
            "count": 16
        },
        "simple_deer.Losses.PolicyLoss.mean": {
            "value": 0.07265831987642742,
            "min": 0.06525117978162598,
            "max": 0.07629325633229783,
            "count": 16
        },
        "simple_deer.Losses.PolicyLoss.sum": {
            "value": 5.812665590114193,
            "min": 5.18096115521621,
            "max": 5.950873993919231,
            "count": 16
        },
        "simple_deer.Losses.ValueLoss.mean": {
            "value": 0.42250813417232314,
            "min": 0.27524626211789044,
            "max": 1.3716719558612174,
            "count": 16
        },
        "simple_deer.Losses.ValueLoss.sum": {
            "value": 33.80065073378585,
            "min": 21.469208445195456,
            "max": 105.61874060131373,
            "count": 16
        },
        "simple_deer.Policy.LearningRate.mean": {
            "value": 0.00029069855560048244,
            "min": 0.00029069855560048244,
            "max": 0.00029969693548563694,
            "count": 16
        },
        "simple_deer.Policy.LearningRate.sum": {
            "value": 0.023255884448038597,
            "min": 0.023012547829150794,
            "max": 0.023544151291949617,
            "count": 16
        },
        "simple_deer.Policy.Epsilon.mean": {
            "value": 0.19689951749999998,
            "min": 0.19689951749999998,
            "max": 0.19989897846153848,
            "count": 16
        },
        "simple_deer.Policy.Epsilon.sum": {
            "value": 15.751961399999999,
            "min": 15.376885819999998,
            "max": 15.84805038,
            "count": 16
        },
        "simple_deer.Policy.Beta.mean": {
            "value": 0.0005000000000000001,
            "min": 0.0005000000000000001,
            "max": 0.0005000000000000001,
            "count": 16
        },
        "simple_deer.Policy.Beta.sum": {
            "value": 0.04000000000000001,
            "min": 0.038500000000000006,
            "max": 0.04000000000000001,
            "count": 16
        },
        "simple_deer.Environment.EpisodeLength.mean": {
            "value": 1001.5,
            "min": 1001.5,
            "max": 8039.0,
            "count": 16
        },
        "simple_deer.Environment.EpisodeLength.sum": {
            "value": 10015.0,
            "min": 6839.0,
            "max": 14078.0,
            "count": 16
        },
        "simple_deer.Environment.CumulativeReward.mean": {
            "value": -11.00000011920929,
            "min": -11.00000011920929,
            "max": 333.8374248743057,
            "count": 16
        },
        "simple_deer.Environment.CumulativeReward.sum": {
            "value": -110.0000011920929,
            "min": -110.0000011920929,
            "max": 389.4299248084426,
            "count": 16
        },
        "simple_deer.Policy.ExtrinsicReward.mean": {
            "value": -11.00000011920929,
            "min": -11.00000011920929,
            "max": 333.8374248743057,
            "count": 16
        },
        "simple_deer.Policy.ExtrinsicReward.sum": {
            "value": -110.0000011920929,
            "min": -110.0000011920929,
            "max": 389.4299248084426,
            "count": 16
        },
        "simple_deer.IsTraining.mean": {
            "value": 1.0,
            "min": 1.0,
            "max": 1.0,
            "count": 16
        },
        "simple_deer.IsTraining.sum": {
            "value": 1.0,
            "min": 1.0,
            "max": 1.0,
            "count": 16
        }
    },
    "metadata": {
        "timer_format_version": "0.1.0",
        "start_time_seconds": "1701016838",
        "python_version": "3.9.13 (tags/v3.9.13:6de2ca5, May 17 2022, 16:36:42) [MSC v.1929 64 bit (AMD64)]",
        "command_line_arguments": "D:\\Unity\\DiplomaThesis\\m_env\\Scripts\\mlagents-learn .\\config\\simple_deer_config.yaml --run-id=no_food_selection12",
        "mlagents_version": "0.30.0",
        "mlagents_envs_version": "0.30.0",
        "communication_protocol_version": "1.5.0",
        "pytorch_version": "2.1.1+cpu",
        "numpy_version": "1.21.2",
        "end_time_seconds": "1701018857"
    },
    "total": 2019.0629635,
    "count": 1,
    "self": 0.0024511000001439243,
    "children": {
        "run_training.setup": {
            "total": 0.12139359999999999,
            "count": 1,
            "self": 0.12139359999999999
        },
        "TrainerController.start_learning": {
            "total": 2018.9391188,
            "count": 1,
            "self": 1.8890862000239395,
            "children": {
                "TrainerController._reset_env": {
                    "total": 59.691631599999994,
                    "count": 1,
                    "self": 59.691631599999994
                },
                "TrainerController.advance": {
                    "total": 1957.279130599976,
                    "count": 169741,
                    "self": 1.7409570000215808,
                    "children": {
                        "env_step": {
                            "total": 1734.8964948999808,
                            "count": 169741,
                            "self": 1522.0917774999866,
                            "children": {
                                "SubprocessEnvManager._take_step": {
                                    "total": 211.6482252999956,
                                    "count": 169741,
                                    "self": 4.679268199978196,
                                    "children": {
                                        "TorchPolicy.evaluate": {
                                            "total": 206.9689571000174,
                                            "count": 169671,
                                            "self": 206.9689571000174
                                        }
                                    }
                                },
                                "workers": {
                                    "total": 1.156492099998431,
                                    "count": 169740,
                                    "self": 0.0,
                                    "children": {
                                        "worker_root": {
                                            "total": 1956.5855641999594,
                                            "count": 169740,
                                            "is_parallel": true,
                                            "self": 517.5697439999822,
                                            "children": {
                                                "steps_from_proto": {
                                                    "total": 0.00021490000000312648,
                                                    "count": 1,