{
    "name": "root",
    "metadata": {
        "timer_format_version": "0.1.0",
        "start_time_seconds": "1699795717",
        "python_version": "3.9.13 (tags/v3.9.13:6de2ca5, May 17 2022, 16:36:42) [MSC v.1929 64 bit (AMD64)]",
        "command_line_arguments": "D:\\Unity\\DiplomaThesis\\venv\\Scripts\\mlagents-learn --run-id=discrete_mask_test1",
        "mlagents_version": "0.30.0",
        "mlagents_envs_version": "0.30.0",
        "communication_protocol_version": "1.5.0",
        "pytorch_version": "2.1.0+cpu",
        "numpy_version": "1.21.2",
        "end_time_seconds": "1699795805"
    },
    "total": 88.2565383,
    "count": 1,
    "self": 0.0026442000000059807,
    "children": {
        "run_training.setup": {
            "total": 0.01667529999999995,
            "count": 1,
            "self": 0.01667529999999995
        },
        "TrainerController.start_learning": {
            "total": 88.2372188,
            "count": 1,
            "self": 0.027248399999862727,
            "children": {
                "TrainerController._reset_env": {
                    "total": 7.606401,
                    "count": 1,
                    "self": 7.606401
                },
                "TrainerController.advance": {
                    "total": 80.51053780000012,
                    "count": 2829,
                    "self": 0.02413260000027151,
                    "children": {
                        "env_step": {
                            "total": 80.19020759999994,
                            "count": 2829,
                            "self": 76.95637410000009,
                            "children": {
                                "SubprocessEnvManager._take_step": {
                                    "total": 3.216789999999902,
                                    "count": 2829,
                                    "self": 0.07024090000001593,
                                    "children": {
                                        "TorchPolicy.evaluate": {
                                            "total": 3.146549099999886,
                                            "count": 2829,
                                            "self": 3.146549099999886
                                        }
                                    }
                                },
                                "workers": {
                                    "total": 0.017043499999941147,
                                    "count": 2828,
                                    "self": 0.0,
                                    "children": {
                                        "worker_root": {
                                            "total": 19.09752260000002,
                                            "count": 2828,
                                            "is_parallel": true,
                                            "self": 4.964791599999888,
                                            "children": {
                                                "steps_from_proto": {
                                                    "total": 0.0002668999999997368,
                                                    "count": 1,
                                                    "is_parallel": true,
                                                    "self": 0.00013829999999970255,
                                                    "children": {
                                                        "_process_rank_one_or_two_observation": {
                                                            "total": 0.00012860000000003424,
                                                            "count": 4,
                                                            "is_parallel": true,
                                                            "self": 0.00012860000000003424
                                                        }
                                                    }
                                                },
                                                "UnityEnvironment.step": {
                                                    "total": 14.132464100000131,
                                                    "count": 2828,
                                                    "is_parallel": true,
                                                    "self": 0.10752050000002988,
                                                    "children": {
                                                        "UnityEnvironment._generate_step_input": {
                                                            "total": 0.08383930000006234,
                                                            "count": 2828,
                                                            "is_parallel": true,
                                                            "self": 0.08383930000006234
                                                        },
                                                        "communicator.exchange": {
                                                            "total": 13.549065500000012,
                                                            "count": 2828,
                                                            "is_parallel": true,
                                                            "self": 13.549065500000012
                                                        },
                                                        "steps_from_proto": {
                                                            "total": 0.39203880000002833,
                                                            "count": 2828,
                                                            "is_parallel": true,
                                                            "self": 0.19895030000002123,
                                                            "children": {
                                                                "_process_rank_one_or_two_observation": {
                                                                    "total": 0.1930885000000071,
                                                                    "count": 11312,
                                                                    "is_parallel": true,
                                                                    "self": 0.1930885000000071
                                                                }
                                                            }
                                                        }
                                                    }
                                                }
                                            }
                                        }
                                    }
                                }
                            }
                        },
                        "trainer_advance": {
                            "total": 0.29619759999991935,
                            "count": 2828,
                            "self": 0.03228729999989355,
                            "children": {
                                "process_trajectory": {
                                    "total": 0.2639103000000258,
                                    "count": 2828,
                                    "self": 0.2639103000000258
                                }
                            }
                        }
                    }
                },
                "TrainerController._save_models": {
                    "total": 0.09303160000000332,
                    "count": 1,
                    "self": 0.005795000000006212,
                    "children": {
                        "RLTrainer._checkpoint": {
                            "total": 0.08723659999999711,
                            "count": 1,