{
    "name": "root",
    "gauges": {
        "simple_deer.Policy.Entropy.mean": {
            "value": 0.8351832628250122,
            "min": 0.8351832628250122,
            "max": 0.8351832628250122,
            "count": 1
        },
        "simple_deer.Policy.Entropy.sum": {
            "value": 8354.337890625,
            "min": 8354.337890625,
            "max": 8354.337890625,
            "count": 1
        },
        "simple_deer.Environment.EpisodeLength.mean": {
            "value": 27.74425287356322,
            "min": 27.74425287356322,
            "max": 27.74425287356322,
            "count": 1
        },
        "simple_deer.Environment.EpisodeLength.sum": {
            "value": 9655.0,
            "min": 9655.0,
            "max": 9655.0,
            "count": 1
        },
        "simple_deer.Step.mean": {
            "value": 9995.0,
            "min": 9995.0,
            "max": 9995.0,
            "count": 1
        },
        "simple_deer.Step.sum": {
            "value": 9995.0,
            "min": 9995.0,
            "max": 9995.0,
            "count": 1
        },
        "simple_deer.Policy.ExtrinsicValue.mean": {
            "value": -0.25097253918647766,
            "min": -0.25097253918647766,
            "max": -0.25097253918647766,
            "count": 1
        },
        "simple_deer.Policy.ExtrinsicValue.sum": {
            "value": -92.10692596435547,
            "min": -92.10692596435547,
            "max": -92.10692596435547,
            "count": 1
        },
        "simple_deer.Environment.CumulativeReward.mean": {
            "value": -83.70685223681096,
            "min": -83.70685223681096,
            "max": -83.70685223681096,
            "count": 1
        },
        "simple_deer.Environment.CumulativeReward.sum": {
            "value": -29046.2777261734,
            "min": -29046.2777261734,
            "max": -29046.2777261734,
            "count": 1
        },
        "simple_deer.Policy.ExtrinsicReward.mean": {
            "value": -83.70685223681096,
            "min": -83.70685223681096,
            "max": -83.70685223681096,
            "count": 1
        },
        "simple_deer.Policy.ExtrinsicReward.sum": {
            "value": -29046.2777261734,
            "min": -29046.2777261734,
            "max": -29046.2777261734,
            "count": 1
        },
        "simple_deer.IsTraining.mean": {
            "value": 1.0,
            "min": 1.0,
            "max": 1.0,
            "count": 1
        },
        "simple_deer.IsTraining.sum": {
            "value": 1.0,
            "min": 1.0,
            "max": 1.0,
            "count": 1
        },
        "simple_wolf.Policy.Entropy.mean": {
            "value": 1.119596004486084,
            "min": 1.119596004486084,
            "max": 1.119596004486084,
            "count": 1
        },
        "simple_wolf.Policy.Entropy.sum": {
            "value": 11249.701171875,
            "min": 11249.701171875,
            "max": 11249.701171875,
            "count": 1
        },
        "simple_wolf.Step.mean": {
            "value": 9984.0,
            "min": 9984.0,
            "max": 9984.0,
            "count": 1
        },
        "simple_wolf.Step.sum": {
            "value": 9984.0,
            "min": 9984.0,
            "max": 9984.0,
            "count": 1
        },
        "simple_wolf.Policy.ExtrinsicValue.mean": {
            "value": -0.6607317328453064,
            "min": -0.6607317328453064,
            "max": -0.6607317328453064,
            "count": 1
        },
        "simple_wolf.Policy.ExtrinsicValue.sum": {
            "value": -103.07415008544922,
            "min": -103.07415008544922,
            "max": -103.07415008544922,
            "count": 1
        },
        "simple_wolf.IsTraining.mean": {
            "value": 1.0,
            "min": 1.0,
            "max": 1.0,
            "count": 1
        },
        "simple_wolf.IsTraining.sum": {
            "value": 1.0,
            "min": 1.0,
            "max": 1.0,
            "count": 1
        }
    },
    "metadata": {
        "timer_format_version": "0.1.0",
        "start_time_seconds": "1707477728",
        "python_version": "3.9.13 (tags/v3.9.13:6de2ca5, May 17 2022, 16:36:42) [MSC v.1929 64 bit (AMD64)]",
        "command_line_arguments": "D:\\Unity\\DiplomaThesis\\m_env\\Scripts\\mlagents-learn .\\config\\sac_config.yaml --run-id=exec_test1 --env=D:\\Unity\\DiplomaThesis\\Build\\Build1\\FSM_Ecosystem",
        "mlagents_version": "0.30.0",
        "mlagents_envs_version": "0.30.0",
        "communication_protocol_version": "1.5.0",
        "pytorch_version": "2.1.1+cpu",
        "numpy_version": "1.26.3",
        "end_time_seconds": "1707477881"
    },
    "total": 153.4643622,
    "count": 1,
    "self": 0.02392060000002516,
    "children": {
        "run_training.setup": {
            "total": 0.0679930999999998,
            "count": 1,
            "self": 0.0679930999999998
        },
        "TrainerController.start_learning": {
            "total": 153.3724485,
            "count": 1,
            "self": 0.18407280000047876,
            "children": {
                "TrainerController._reset_env": {
                    "total": 10.1493699,
                    "count": 1,
                    "self": 10.1493699
                },
                "TrainerController.advance": {
                    "total": 142.7787187999995,
                    "count": 16318,
                    "self": 0.17934259999947244,
                    "children": {
                        "env_step": {
                            "total": 113.90206800000009,
                            "count": 16318,
                            "self": 87.33767700000098,
                            "children": {
                                "SubprocessEnvManager._take_step": {
                                    "total": 26.454071900000173,
                                    "count": 16318,
                                    "self": 0.7956000000013432,
                                    "children": {
                                        "TorchPolicy.evaluate": {
                                            "total": 25.65847189999883,
                                            "count": 31672,
                                            "self": 25.65847189999883
                                        }
                                    }
                                },
                                "workers": {
                                    "total": 0.11031909999893941,
                                    "count": 16317,
                                    "self": 0.0,
                                    "children": {
                                        "worker_root": {
                                            "total": 143.0213860000007,
                                            "count": 16317,
                                            "is_parallel": true,
                                            "self": 64.72317560000106,
                                            "children": {
                                                "steps_from_proto": {
                                                    "total": 0.00040270000000042216,
                                                    "count": 2,
                                                    "is_parallel": true,
                                                    "self": 0.00017780000000122698,
                                                    "children": {
                                                        "_process_rank_one_or_two_observation": {
                                                            "total": 0.0002248999999991952,
                                                            "count": 10,
                                                            "is_parallel": true,