{
    "name": "root",
    "gauges": {
        "simple_deer.Policy.Entropy.mean": {
            "value": 0.0450478158891201,
            "min": 0.032167449593544006,
            "max": 0.8531480431556702,
            "count": 165
        },
        "simple_deer.Policy.Entropy.sum": {
            "value": 41.939517974853516,
            "min": 29.754892349243164,
            "max": 896.3289184570312,
            "count": 165
        },
        "simple_deer.Step.mean": {
            "value": 164937.0,
            "min": 960.0,
            "max": 164937.0,
            "count": 165
        },
        "simple_deer.Step.sum": {
            "value": 164937.0,
            "min": 960.0,
            "max": 164937.0,
            "count": 165
        },
        "simple_deer.Policy.ExtrinsicValueEstimate.mean": {
            "value": 24.675065994262695,
            "min": 0.5435948967933655,
            "max": 25.199312210083008,
            "count": 165
        },
        "simple_deer.Policy.ExtrinsicValueEstimate.sum": {
            "value": 370.1259765625,
            "min": 8.153923034667969,
            "max": 422.1020202636719,
            "count": 165
        },
        "simple_deer.Losses.PolicyLoss.mean": {
            "value": 0.06291503654210828,
            "min": 0.04554109556192998,
            "max": 0.12680619293823836,
            "count": 100
        },
        "simple_deer.Losses.PolicyLoss.sum": {
            "value": 0.5033202923368663,
            "min": 0.22124267974868417,
            "max": 0.7845688313245773,
            "count": 100
        },
        "simple_deer.Losses.ValueLoss.mean": {
            "value": 1137.5088741779327,
            "min": 34.71605474501848,
            "max": 1952.1534748077393,
            "count": 100
        },
        "simple_deer.Losses.ValueLoss.sum": {
            "value": 9100.070993423462,
            "min": 277.72843796014786,
            "max": 15617.227798461914,
            "count": 100
        },
        "simple_deer.Policy.LearningRate.mean": {
            "value": 1.5396198712500046e-07,
            "min": 1.5396198712500046e-07,
            "max": 2.980800064e-05,
            "count": 100
        },
        "simple_deer.Policy.LearningRate.sum": {
            "value": 1.2316958970000036e-06,
            "min": 1.2316958970000036e-06,
            "max": 0.00020271612428,
            "count": 100
        },
        "simple_deer.Policy.Epsilon.mean": {
            "value": 0.1,
            "min": 0.09999999999999999,
            "max": 0.10000000000000002,
            "count": 100
        },
        "simple_deer.Policy.Epsilon.sum": {
            "value": 0.8,
            "min": 0.30000000000000004,
            "max": 0.8,
            "count": 100
        },
        "simple_deer.Policy.Beta.mean": {
            "value": 0.005,
            "min": 0.004999999999999999,
            "max": 0.005000000000000001,
            "count": 100
        },
        "simple_deer.Policy.Beta.sum": {
            "value": 0.04,
            "min": 0.015000000000000003,
            "max": 0.04,
            "count": 100
        },
        "simple_deer.IsTraining.mean": {
            "value": 0.0,
            "min": 0.0,
            "max": 1.0,
            "count": 165
        },
        "simple_deer.IsTraining.sum": {
            "value": 0.0,
            "min": 0.0,
            "max": 1.0,
            "count": 165
        },
        "simple_wolf.Policy.Entropy.mean": {
            "value": 1.2096726894378662,
            "min": 1.1584410667419434,
            "max": 1.401281714439392,
            "count": 35
        },
        "simple_wolf.Policy.Entropy.sum": {
            "value": 1168.5438232421875,
            "min": 1119.0540771484375,
            "max": 1432.921875,
            "count": 35
        },
        "simple_wolf.Step.mean": {
            "value": 34941.0,
            "min": 960.0,
            "max": 34941.0,
            "count": 35
        },
        "simple_wolf.Step.sum": {
            "value": 34941.0,
            "min": 960.0,
            "max": 34941.0,
            "count": 35
        },
        "simple_wolf.Policy.ExtrinsicValueEstimate.mean": {
            "value": 0.8324476480484009,
            "min": 0.15589234232902527,
            "max": 2.2703890800476074,
            "count": 35
        },
        "simple_wolf.Policy.ExtrinsicValueEstimate.sum": {
            "value": 15.816505432128906,
            "min": 3.117846727371216,
            "max": 39.76423645019531,
            "count": 35
        },
        "simple_wolf.Losses.PolicyLoss.mean": {
            "value": 0.10451330748037435,
            "min": 0.05531630041410348,
            "max": 0.10451330748037435,
            "count": 35
        },
        "simple_wolf.Losses.PolicyLoss.sum": {
            "value": 0.8361064598429948,
            "min": 0.3872141028987244,
            "max": 0.8361064598429948,
            "count": 35
        },
        "simple_wolf.Losses.ValueLoss.mean": {
            "value": 50.852593794465065,
            "min": 37.51598997414112,
            "max": 75.38802942633629,
            "count": 35
        },
        "simple_wolf.Losses.ValueLoss.sum": {
            "value": 406.8207503557205,
            "min": 273.59423691034317,
            "max": 603.1042354106903,
            "count": 35
        },
        "simple_wolf.Policy.LearningRate.mean": {
            "value": 1.9653334489e-05,
            "min": 1.9653334489e-05,
            "max": 2.9846357655000002e-05,
            "count": 35
        },
        "simple_wolf.Policy.LearningRate.sum": {
            "value": 0.000157226675912,
            "min": 0.00014176432745300002,
            "max": 0.000236469611768,
            "count": 35
        },
        "simple_wolf.Policy.Epsilon.mean": {
            "value": 0.1,
            "min": 0.09999999999999999,
            "max": 0.1,
            "count": 35
        },
        "simple_wolf.Policy.Epsilon.sum": {
            "value": 0.8,
            "min": 0.7,
            "max": 0.8,
            "count": 35
        },
        "simple_wolf.Policy.Beta.mean": {
            "value": 0.005,
            "min": 0.005,
            "max": 0.005,
            "count": 35
        },
        "simple_wolf.Policy.Beta.sum": {
            "value": 0.04,
            "min": 0.035,
            "max": 0.04,
            "count": 35
        },
        "simple_wolf.Environment.EpisodeLength.mean": {
            "value": 256.5,
            "min": 254.75,
            "max": 1046.0,
            "count": 35
        },
        "simple_wolf.Environment.EpisodeLength.sum": {
            "value": 1026.0,
            "min": 547.0,
            "max": 1506.0,
            "count": 35
        },
        "simple_wolf.Environment.CumulativeReward.mean": {
            "value": -3.7360851764678955,
            "min": -81.79140822092693,
            "max": 479.806951880455,
            "count": 35
        },
        "simple_wolf.Environment.CumulativeReward.sum": {
            "value": -14.944340705871582,
            "min": -282.03910207748413,
            "max": 479.806951880455,
            "count": 35
        },
        "simple_wolf.Policy.ExtrinsicReward.mean": {
            "value": -3.7360851764678955,
            "min": -81.79140822092693,
            "max": 479.806951880455,
            "count": 35
        },
        "simple_wolf.Policy.ExtrinsicReward.sum": {
            "value": -14.944340705871582,
            "min": -282.03910207748413,
            "max": 479.806951880455,
            "count": 35
        },
        "simple_wolf.IsTraining.mean": {
            "value": 1.0,
            "min": 1.0,
            "max": 1.0,
            "count": 35
        },
        "simple_wolf.IsTraining.sum": {
            "value": 1.0,
            "min": 1.0,
            "max": 1.0,
            "count": 35
        },
        "simple_deer.Environment.EpisodeLength.mean": {
            "value": 252.5,
            "min": 223.2,