{"count":1,"self":10883.366912,"total":14230.8122947,"children":{"InitializeActuators":{"count":1,"self":0.0010021,"total":0.0010021,"children":null},"InitializeSensors":{"count":1,"self":0.0019998999999999998,"total":0.0019998999999999998,"children":null},"AgentSendState":{"count":9434451,"self":49.3349888,"total":171.6583904,"children":{"CollectObservations":{"count":628964,"self":3.1532834,"total":3.1532834,"children":null},"WriteActionMask":{"count":628964,"self":2.5544198,"total":2.5544198,"children":null},"RequestDecision":{"count":628964,"self":5.5643848,"total":116.6156986,"children":{"AgentInfo.ToProto":{"count":628964,"self":6.3316608,"total":111.0513136,"children":{"GenerateSensorData":{"count":628964,"self":104.7196544,"total":104.71965279999999,"children":null}}}}}}},"DecideAction":{"count":9434451,"self":3058.5038848,"total":3058.5038391,"children":null},"AgentAct":{"count":9434451,"self":117.26722559999999,"total":117.26722029999999,"children":null},"AgentInfo.ToProto":{"count":92,"self":0.001,"total":0.012012199999999999,"children":{"GenerateSensorData":{"count":92,"self":0.0110122,"total":0.0110122,"children":null}}}},"gauges":{"simple_deer.CumulativeReward":{"count":92,"max":-8.25246048,"min":-10.9834375,"runningAverage":-10.6058035,"value":-10.7834387,"weightedAverage":-10.8378525}},"metadata":{"timer_format_version":"0.1.0","start_time_seconds":"1699808507","unity_version":"2021.3.27f1","command_line_arguments":"C:\\Program Files\\Unity\\Hub\\Editor\\2021.3.27f1\\Editor\\Unity.exe -projectpath D:\\Unity\\DiplomaThesis -useHub -hubIPC -cloudEnvironment production -licensingIpc LicenseClient-bioba -hubSessionId 721ecf08-8627-479e-8c85-9af95a126815 -accessToken w9_Mpkihbi6q1uf_-2HbTT5jbZ9BLFu3hxnSQ9mwFQc012f","communication_protocol_version":"1.5.0","com.unity.ml-agents_version":"2.0.1","scene_name":"SampleScene","end_time_seconds":"1699822738"}}