{"count":1,"self":676.4378624,"total":990.9598645,"children":{"InitializeActuators":{"count":1,"self":0.0010002,"total":0.0010002,"children":null},"InitializeSensors":{"count":1,"self":0.0010035999999999999,"total":0.0010035999999999999,"children":null},"AgentSendState":{"count":1428251,"self":5.1293039999999994,"total":8.1052822999999989,"children":{"CollectObservations":{"count":71413,"self":0.24360749999999998,"total":0.24360749999999998,"children":null},"WriteActionMask":{"count":71413,"self":0.3417109,"total":0.3417109,"children":null},"RequestDecision":{"count":71413,"self":0.5844094,"total":2.39066,"children":{"AgentInfo.ToProto":{"count":71413,"self":0.61629729999999994,"total":1.8062505999999998,"children":{"GenerateSensorData":{"count":71413,"self":1.1899533,"total":1.1899533,"children":null}}}}}}},"DecideAction":{"count":1428251,"self":304.6929408,"total":304.6929283,"children":null},"AgentAct":{"count":1428251,"self":1.7197912,"total":1.7197911,"children":null},"AgentInfo.ToProto":{"count":4,"self":0,"total":0.00099969999999999985,"children":{"GenerateSensorData":{"count":4,"self":0.00099969999999999985,"total":0.00099969999999999985,"children":null}}}},"gauges":{"simple_deer.CumulativeReward":{"count":4,"max":228.477661,"min":49.88059,"runningAverage":104.048141,"value":228.477661,"weightedAverage":99.94811}},"metadata":{"timer_format_version":"0.1.0","start_time_seconds":"1701021416","unity_version":"2021.3.27f1","command_line_arguments":"C:\\Program Files\\Unity\\Hub\\Editor\\2021.3.27f1\\Editor\\Unity.exe -projectpath D:\\Unity\\DiplomaThesis -useHub -hubIPC -cloudEnvironment production -licensingIpc LicenseClient-bioba -hubSessionId 907f3150-860c-4269-82cb-af58ad5015b1 -accessToken eIgXGVEefpvno6Cy07mWjmErPQ7tSiQLOGZIHIqnJl8012f","communication_protocol_version":"1.5.0","com.unity.ml-agents_version":"2.0.1","scene_name":"SampleScene","end_time_seconds":"1701022407"}}