{"count":1,"self":137.04908799999998,"total":224.78148929999998,"children":{"InitializeActuators":{"count":1,"self":0.0010033,"total":0.0010033,"children":null},"InitializeSensors":{"count":1,"self":0.0020001,"total":0.0020001,"children":null},"AgentSendState":{"count":273551,"self":1.4097513,"total":8.222284,"children":{"CollectObservations":{"count":18237,"self":0.058657499999999994,"total":0.058657499999999994,"children":null},"WriteActionMask":{"count":18237,"self":0.0731341,"total":0.0731341,"children":null},"RequestDecision":{"count":18237,"self":0.170381,"total":6.6807411,"children":{"AgentInfo.ToProto":{"count":18237,"self":0.1564041,"total":6.5103601,"children":{"GenerateSensorData":{"count":18237,"self":6.3539559999999993,"total":6.3539559999999993,"children":null}}}}}}},"DecideAction":{"count":273551,"self":76.41888,"total":76.4188769,"children":null},"AgentAct":{"count":273551,"self":3.0857148,"total":3.0857148999999997,"children":null},"AgentInfo.ToProto":{"count":15,"self":0,"total":0.0025169999999999997,"children":{"GenerateSensorData":{"count":15,"self":0.0025169999999999997,"total":0.0025169999999999997,"children":null}}}},"gauges":{"simple_deer.CumulativeReward":{"count":15,"max":-9.4821,"min":-10.9836979,"runningAverage":-10.5761881,"value":-10.9836979,"weightedAverage":-10.856308}},"metadata":{"timer_format_version":"0.1.0","start_time_seconds":"1699861463","unity_version":"2021.3.27f1","command_line_arguments":"C:\\Program Files\\Unity\\Hub\\Editor\\2021.3.27f1\\Editor\\Unity.exe -projectpath D:\\Unity\\DiplomaThesis -useHub -hubIPC -cloudEnvironment production -licensingIpc LicenseClient-bioba -hubSessionId 721ecf08-8627-479e-8c85-9af95a126815 -accessToken w9_Mpkihbi6q1uf_-2HbTT5jbZ9BLFu3hxnSQ9mwFQc012f","communication_protocol_version":"1.5.0","com.unity.ml-agents_version":"2.0.1","scene_name":"SampleScene","end_time_seconds":"1699861688"}}