{"count":1,"self":22026.502144,"total":32377.501474499997,"children":{"InitializeActuators":{"count":1,"self":0.0009999,"total":0.0009999,"children":null},"InitializeSensors":{"count":1,"self":0.0019998999999999998,"total":0.0019998999999999998,"children":null},"AgentInfo.ToProto":{"count":2573,"self":0.018541,"total":0.0887978,"children":{"GenerateSensorData":{"count":2573,"self":0.0702568,"total":0.0702568,"children":null}}},"AgentSendState":{"count":55017437,"self":223.90970879999998,"total":344.11553419999996,"children":{"CollectObservations":{"count":2750872,"self":9.3443592,"total":9.3443592999999989,"children":null},"WriteActionMask":{"count":2750872,"self":12.7571728,"total":12.7571724,"children":null},"RequestDecision":{"count":2750872,"self":19.5031152,"total":98.104286699999989,"children":{"AgentInfo.ToProto":{"count":2750872,"self":17.8069728,"total":78.6011721,"children":{"GenerateSensorData":{"count":2750872,"self":60.794201599999994,"total":60.794199,"children":null}}}}}}},"DecideAction":{"count":55017437,"self":9942.7008512,"total":9942.7011159,"children":null},"AgentAct":{"count":55017437,"self":64.0892928,"total":64.0892904,"children":null}},"gauges":{"simple_deer.CumulativeReward":{"count":2573,"max":800.610535,"min":-22.21245,"runningAverage":163.205124,"value":374.787354,"weightedAverage":375.176941}},"metadata":{"timer_format_version":"0.1.0","start_time_seconds":"1701640825","unity_version":"2021.3.27f1","command_line_arguments":"C:\\Program Files\\Unity\\Hub\\Editor\\2021.3.27f1\\Editor\\Unity.exe -projectpath D:\\Unity\\DiplomaThesis -useHub -hubIPC -cloudEnvironment production -licensingIpc LicenseClient-bioba -hubSessionId b2d70265-4023-482a-94b0-b692bd7c5a6d -accessToken BesacUBzcjz_1e3b-ADPD_aIIN95JGQewCinppW5gAA012f","communication_protocol_version":"1.5.0","com.unity.ml-agents_version":"2.0.1","scene_name":"TrainingScene","end_time_seconds":"1701673202"}}