{"count":1,"self":8098.4055807999994,"total":13286.7168434,"children":{"InitializeActuators":{"count":1,"self":0.0009996,"total":0.0009996,"children":null},"InitializeSensors":{"count":1,"self":0.0010821,"total":0.0010821,"children":null},"AgentSendState":{"count":20000652,"self":66.304639999999992,"total":106.1831339,"children":{"CollectObservations":{"count":1000033,"self":5.08096,"total":5.0809600999999995,"children":null},"WriteActionMask":{"count":1000033,"self":4.8681224,"total":4.8681224,"children":null},"RequestDecision":{"count":1000033,"self":7.6743488,"total":29.929411599999998,"children":{"AgentInfo.ToProto":{"count":1000033,"self":7.1971263999999993,"total":22.2550627,"children":{"GenerateSensorData":{"count":1000033,"self":15.057936,"total":15.057936,"children":null}}}}}}},"DecideAction":{"count":20000652,"self":5055.8390272,"total":5055.8389888,"children":null},"AgentAct":{"count":20000652,"self":26.2813408,"total":26.281340399999998,"children":null},"AgentInfo.ToProto":{"count":393,"self":0.001,"total":0.0050016999999999995,"children":{"GenerateSensorData":{"count":393,"self":0.0040016999999999995,"total":0.0040016999999999995,"children":null}}}},"gauges":{"simple_deer.CumulativeReward":{"count":393,"max":3763.8208,"min":-1020.42554,"runningAverage":1946.2926,"value":2892.8313,"weightedAverage":2890.39844}},"metadata":{"timer_format_version":"0.1.0","start_time_seconds":"1702248037","unity_version":"2021.3.27f1","command_line_arguments":"C:\\Program Files\\Unity\\Hub\\Editor\\2021.3.27f1\\Editor\\Unity.exe -projectpath D:\\Unity\\DiplomaThesis -useHub -hubIPC -cloudEnvironment production -licensingIpc LicenseClient-bioba -hubSessionId 9e9ffcf9-5247-4167-8fcc-9bc3e0a34341 -accessToken OkZSF8arDgQsOKHmaf9LNwBXvSXgYC0_Up5-OLF7scs012f","communication_protocol_version":"1.5.0","com.unity.ml-agents_version":"2.0.1","scene_name":"TrainingScene","end_time_seconds":"1702261324"}}