{
    "name": "root",
    "gauges": {
        "simple_deer.Policy.Entropy.mean": {
            "value": 0.07534128427505493,
            "min": 0.059461984783411026,
            "max": 0.8480740785598755,
            "count": 487
        },
        "simple_deer.Policy.Entropy.sum": {
            "value": 91.53965759277344,
            "min": 57.08350372314453,
            "max": 958.6361694335938,
            "count": 487
        },
        "simple_deer.Step.mean": {
            "value": 486984.0,
            "min": 960.0,
            "max": 486984.0,
            "count": 487
        },
        "simple_deer.Step.sum": {
            "value": 486984.0,
            "min": 960.0,
            "max": 486984.0,
            "count": 487
        },
        "simple_deer.Policy.ExtrinsicValueEstimate.mean": {
            "value": 13.871933937072754,
            "min": 0.47496023774147034,
            "max": 25.702064514160156,
            "count": 487
        },
        "simple_deer.Policy.ExtrinsicValueEstimate.sum": {
            "value": 235.8228759765625,
            "min": 7.124403476715088,
            "max": 402.7384948730469,
            "count": 487
        },
        "simple_deer.Losses.PolicyLoss.mean": {
            "value": 0.0782228288881015,
            "min": 0.05207504150166642,
            "max": 0.11282587161598108,
            "count": 100
        },
        "simple_deer.Losses.PolicyLoss.sum": {
            "value": 0.625782631104812,
            "min": 0.21129722967743875,
            "max": 0.7749288198538125,
            "count": 100
        },
        "simple_deer.Losses.ValueLoss.mean": {
            "value": 590.2263659834862,
            "min": 15.091443036283765,
            "max": 2147.489850616455,
            "count": 100
        },
        "simple_deer.Losses.ValueLoss.sum": {
            "value": 4721.810927867889,
            "min": 105.64010125398636,
            "max": 7514.208216428757,
            "count": 100
        },
        "simple_deer.Policy.LearningRate.mean": {
            "value": 1.6584944750000008e-07,
            "min": 1.6584944750000008e-07,
            "max": 2.980800064e-05,
            "count": 100
        },
        "simple_deer.Policy.LearningRate.sum": {
            "value": 1.3267955800000006e-06,
            "min": 1.3267955800000006e-06,
            "max": 0.00022810873963800002,
            "count": 100
        },
        "simple_deer.Policy.Epsilon.mean": {
            "value": 0.1,
            "min": 0.09999999999999999,
            "max": 0.10000000000000002,
            "count": 100
        },
        "simple_deer.Policy.Epsilon.sum": {
            "value": 0.8,
            "min": 0.30000000000000004,
            "max": 0.9,
            "count": 100
        },
        "simple_deer.Policy.Beta.mean": {
            "value": 0.005,
            "min": 0.004999999999999999,
            "max": 0.005000000000000001,
            "count": 100
        },
        "simple_deer.Policy.Beta.sum": {
            "value": 0.04,
            "min": 0.015000000000000003,
            "max": 0.045,
            "count": 100
        },
        "simple_deer.IsTraining.mean": {
            "value": 0.0,
            "min": 0.0,
            "max": 1.0,
            "count": 487
        },
        "simple_deer.IsTraining.sum": {
            "value": 0.0,
            "min": 0.0,
            "max": 1.0,
            "count": 487
        },
        "simple_deer.Environment.EpisodeLength.mean": {
            "value": 202.0,
            "min": 29.5,
            "max": 2998.0,
            "count": 310
        },
        "simple_deer.Environment.EpisodeLength.sum": {
            "value": 202.0,
            "min": 59.0,
            "max": 7534.0,
            "count": 310
        },
        "simple_deer.Environment.CumulativeReward.mean": {
            "value": 848.7754974365234,
            "min": 54.54429626464844,
            "max": 7658.2896156311035,
            "count": 311
        },
        "simple_deer.Environment.CumulativeReward.sum": {
            "value": 848.7754974365234,
            "min": 109.08859252929688,
            "max": 14897.819906234741,
            "count": 311
        },
        "simple_deer.Policy.ExtrinsicReward.mean": {
            "value": 848.7754974365234,
            "min": 54.54429626464844,
            "max": 7658.2896156311035,
            "count": 311
        },
        "simple_deer.Policy.ExtrinsicReward.sum": {
            "value": 848.7754974365234,
            "min": 109.08859252929688,
            "max": 14897.819906234741,
            "count": 311
        },
        "simple_wolf.Policy.Entropy.mean": {
            "value": 0.5937560796737671,
            "min": 0.5495415329933167,
            "max": 1.3473373651504517,
            "count": 100
        },
        "simple_wolf.Policy.Entropy.sum": {
            "value": 615.7250366210938,
            "min": 539.5700073242188,
            "max": 1352.688720703125,
            "count": 100
        },
        "simple_wolf.Step.mean": {
            "value": 99993.0,
            "min": 961.0,
            "max": 99993.0,
            "count": 100
        },
        "simple_wolf.Step.sum": {
            "value": 99993.0,
            "min": 961.0,
            "max": 99993.0,
            "count": 100
        },
        "simple_wolf.Policy.ExtrinsicValueEstimate.mean": {
            "value": 3.8540008068084717,
            "min": -0.018327362835407257,
            "max": 4.741374969482422,
            "count": 100
        },
        "simple_wolf.Policy.ExtrinsicValueEstimate.sum": {
            "value": 73.22601318359375,
            "min": -0.3482199013233185,
            "max": 81.58338928222656,
            "count": 100
        },
        "simple_wolf.Losses.PolicyLoss.mean": {
            "value": 0.07914297936076764,
            "min": 0.05397435196209699,
            "max": 0.09966538101434708,
            "count": 100
        },
        "simple_wolf.Losses.PolicyLoss.sum": {
            "value": 0.6331438348861411,
            "min": 0.4317948156967759,
            "max": 0.7973230481147766,
            "count": 100
        },
        "simple_wolf.Losses.ValueLoss.mean": {
            "value": 66.47574950754642,
            "min": 18.209281034767628,
            "max": 198.0812185917582,
            "count": 100
        },
        "simple_wolf.Losses.ValueLoss.sum": {
            "value": 531.8059960603714,
            "min": 145.67424827814102,
            "max": 1386.5685301423073,
            "count": 100
        },
        "simple_wolf.Policy.LearningRate.mean": {
            "value": 1.3697454374999993e-07,
            "min": 1.3697454374999993e-07,
            "max": 2.984614337e-05,
            "count": 100
        },
        "simple_wolf.Policy.LearningRate.sum": {
            "value": 1.0957963499999994e-06,
            "min": 1.0957963499999994e-06,
            "max": 0.00023646481178400002,
            "count": 100
        },
        "simple_wolf.Policy.Epsilon.mean": {
            "value": 0.1,
            "min": 0.09999999999999999,
            "max": 0.1,
            "count": 100
        },
        "simple_wolf.Policy.Epsilon.sum": {
            "value": 0.8,
            "min": 0.7,
            "max": 0.8,
            "count": 100
        },
        "simple_wolf.Policy.Beta.mean": {
            "value": 0.005,
            "min": 0.005,
            "max": 0.005,
            "count": 100
        },
        "simple_wolf.Policy.Beta.sum": {
            "value": 0.04,
            "min": 0.035,
            "max": 0.04,
            "count": 100
        },
        "simple_wolf.Environment.EpisodeLength.mean": {
            "value": 643.3333333333334,
            "min": 255.5,
            "max": 2352.0,
            "count": 91
        },
        "simple_wolf.Environment.EpisodeLength.sum": {
            "value": 1930.0,
            "min": 256.0,
            "max": 3011.0,
            "count": 91
        },