{
    "name": "root",
    "gauges": {
        "simple_deer.Policy.Entropy.mean": {
            "value": 0.00993634294718504,
            "min": 0.00993634294718504,
            "max": 0.519378662109375,
            "count": 8
        },
        "simple_deer.Policy.Entropy.sum": {
            "value": 99.14482879638672,
            "min": 99.14482879638672,
            "max": 5272.732421875,
            "count": 8
        },
        "simple_deer.Step.mean": {
            "value": 79946.0,
            "min": 9994.0,
            "max": 79946.0,
            "count": 8
        },
        "simple_deer.Step.sum": {
            "value": 79946.0,
            "min": 9994.0,
            "max": 79946.0,
            "count": 8
        },
        "simple_deer.Policy.ExtrinsicValueEstimate.mean": {
            "value": 18.21175765991211,
            "min": 18.21175765991211,
            "max": 43.84967041015625,
            "count": 8
        },
        "simple_deer.Policy.ExtrinsicValueEstimate.sum": {
            "value": 2895.66943359375,
            "min": 2895.66943359375,
            "max": 6928.248046875,
            "count": 8
        },
        "simple_deer.Losses.PolicyLoss.mean": {
            "value": 0.07420056968784103,
            "min": 0.0708455623317616,
            "max": 0.07654710713727698,
            "count": 8
        },
        "simple_deer.Losses.PolicyLoss.sum": {
            "value": 5.7876444356516,
            "min": 4.641535771203538,
            "max": 5.970674356707605,
            "count": 8
        },
        "simple_deer.Losses.ValueLoss.mean": {
            "value": 453.17131894521225,
            "min": 408.77182777722675,
            "max": 866.0233168132721,
            "count": 8
        },
        "simple_deer.Losses.ValueLoss.sum": {
            "value": 35347.362877726555,
            "min": 31884.202566623688,
            "max": 62109.79912042618,
            "count": 8
        },
        "simple_deer.Policy.LearningRate.mean": {
            "value": 7.515357494883331e-05,
            "min": 7.515357494883331e-05,
            "max": 0.00028259305342136513,
            "count": 8
        },
        "simple_deer.Policy.LearningRate.sum": {
            "value": 0.005861978846008998,
            "min": 0.005861978846008998,
            "max": 0.019636900154366997,
            "count": 8
        },
        "simple_deer.Policy.Epsilon.mean": {
            "value": 0.12505116666666669,
            "min": 0.12505116666666669,
            "max": 0.19419768253968256,
            "count": 8
        },
        "simple_deer.Policy.Epsilon.sum": {
            "value": 9.753991000000001,
            "min": 9.753991000000001,
            "max": 14.245633,
            "count": 8
        },
        "simple_deer.Policy.Beta.mean": {
            "value": 0.0005000000000000001,
            "min": 0.0005,
            "max": 0.0005000000000000001,
            "count": 8
        },
        "simple_deer.Policy.Beta.sum": {
            "value": 0.03900000000000001,
            "min": 0.0315,
            "max": 0.03950000000000001,
            "count": 8
        },
        "simple_deer.Environment.EpisodeLength.mean": {
            "value": 722.1818181818181,
            "min": 213.1315789473684,
            "max": 1868.6666666666667,
            "count": 8
        },
        "simple_deer.Environment.EpisodeLength.sum": {
            "value": 7944.0,
            "min": 7010.0,
            "max": 11634.0,
            "count": 8
        },
        "simple_deer.Environment.CumulativeReward.mean": {
            "value": 1806.2669474645095,
            "min": 952.9613165604441,
            "max": 7025.500716400146,
            "count": 8
        },
        "simple_deer.Environment.CumulativeReward.sum": {
            "value": 19868.936422109604,
            "min": 19868.936422109604,
            "max": 50699.005314707756,
            "count": 8
        },
        "simple_deer.Policy.ExtrinsicReward.mean": {
            "value": 1806.2669474645095,
            "min": 952.9613165604441,
            "max": 7025.500716400146,
            "count": 8
        },
        "simple_deer.Policy.ExtrinsicReward.sum": {
            "value": 19868.936422109604,
            "min": 19868.936422109604,
            "max": 50699.005314707756,
            "count": 8
        },
        "simple_deer.IsTraining.mean": {
            "value": 1.0,
            "min": 1.0,
            "max": 1.0,
            "count": 8
        },
        "simple_deer.IsTraining.sum": {
            "value": 1.0,
            "min": 1.0,
            "max": 1.0,
            "count": 8
        },
        "simple_wolf.Policy.Entropy.mean": {
            "value": 0.4043532609939575,
            "min": 0.4043532609939575,
            "max": 0.4043532609939575,
            "count": 1
        },
        "simple_wolf.Policy.Entropy.sum": {
            "value": 4066.985107421875,
            "min": 4066.985107421875,
            "max": 4066.985107421875,
            "count": 1
        },
        "simple_wolf.Step.mean": {
            "value": 9994.0,
            "min": 9994.0,
            "max": 9994.0,
            "count": 1
        },
        "simple_wolf.Step.sum": {
            "value": 9994.0,
            "min": 9994.0,
            "max": 9994.0,
            "count": 1
        },
        "simple_wolf.Policy.ExtrinsicValueEstimate.mean": {
            "value": 10.18430233001709,
            "min": 10.18430233001709,
            "max": 10.18430233001709,
            "count": 1
        },
        "simple_wolf.Policy.ExtrinsicValueEstimate.sum": {
            "value": 1629.4884033203125,
            "min": 1629.4884033203125,
            "max": 1629.4884033203125,
            "count": 1
        },
        "simple_wolf.Losses.PolicyLoss.mean": {
            "value": 0.07107592763480707,
            "min": 0.07107592763480707,
            "max": 0.07107592763480707,
            "count": 1
        },
        "simple_wolf.Losses.PolicyLoss.sum": {
            "value": 5.543922355514951,
            "min": 5.543922355514951,
            "max": 5.543922355514951,
            "count": 1
        },
        "simple_wolf.Losses.ValueLoss.mean": {
            "value": 79.18919171326054,
            "min": 79.18919171326054,
            "max": 79.18919171326054,
            "count": 1
        },
        "simple_wolf.Losses.ValueLoss.sum": {
            "value": 6176.756953634322,
            "min": 6176.756953634322,
            "max": 6176.756953634322,
            "count": 1
        },
        "simple_wolf.Policy.LearningRate.mean": {
            "value": 0.00028484935120406415,
            "min": 0.00028484935120406415,
            "max": 0.00028484935120406415,
            "count": 1
        },
        "simple_wolf.Policy.LearningRate.sum": {
            "value": 0.022218249393917002,
            "min": 0.022218249393917002,
            "max": 0.022218249393917002,
            "count": 1
        },
        "simple_wolf.Policy.Epsilon.mean": {
            "value": 0.19494978205128205,
            "min": 0.19494978205128205,
            "max": 0.19494978205128205,
            "count": 1
        },
        "simple_wolf.Policy.Epsilon.sum": {
            "value": 15.206083,
            "min": 15.206083,
            "max": 15.206083,
            "count": 1
        },
        "simple_wolf.Policy.Beta.mean": {
            "value": 0.0005000000000000001,
            "min": 0.0005000000000000001,
            "max": 0.0005000000000000001,
            "count": 1
        },
        "simple_wolf.Policy.Beta.sum": {
            "value": 0.03900000000000001,
            "min": 0.03900000000000001,
            "max": 0.03900000000000001,
            "count": 1
        },
        "simple_wolf.Environment.EpisodeLength.mean": {
            "value": 1600.6666666666667,
            "min": 1600.6666666666667,
            "max": 1600.6666666666667,
            "count": 1
        },