{
    "name": "root",
    "gauges": {
        "simple_deer.Policy.Entropy.mean": {
            "value": 0.19573695957660675,
            "min": 0.19573695957660675,
            "max": 0.9074362516403198,
            "count": 2
        },
        "simple_deer.Policy.Entropy.sum": {
            "value": 1972.8328857421875,
            "min": 1972.8328857421875,
            "max": 9137.8828125,
            "count": 2
        },
        "simple_deer.Step.mean": {
            "value": 19974.0,
            "min": 9952.0,
            "max": 19974.0,
            "count": 2
        },
        "simple_deer.Step.sum": {
            "value": 19974.0,
            "min": 9952.0,
            "max": 19974.0,
            "count": 2
        },
        "simple_deer.Policy.ExtrinsicValue.mean": {
            "value": -1.8816105127334595,
            "min": -1.8816105127334595,
            "max": -0.6172251105308533,
            "count": 2
        },
        "simple_deer.Policy.ExtrinsicValue.sum": {
            "value": -430.8887939453125,
            "min": -430.8887939453125,
            "max": -136.40675354003906,
            "count": 2
        },
        "simple_deer.Environment.EpisodeLength.mean": {
            "value": 122.72839506172839,
            "min": 114.5764705882353,
            "max": 122.72839506172839,
            "count": 2
        },
        "simple_deer.Environment.EpisodeLength.sum": {
            "value": 9941.0,
            "min": 9739.0,
            "max": 9941.0,
            "count": 2
        },
        "simple_deer.Environment.CumulativeReward.mean": {
            "value": -16.98258418507046,
            "min": -64.15383327428033,
            "max": -16.98258418507046,
            "count": 2
        },
        "simple_deer.Environment.CumulativeReward.sum": {
            "value": -1375.5893189907074,
            "min": -5453.0758283138275,
            "max": -1375.5893189907074,
            "count": 2
        },
        "simple_deer.Policy.ExtrinsicReward.mean": {
            "value": -16.98258418507046,
            "min": -64.15383327428033,
            "max": -16.98258418507046,
            "count": 2
        },
        "simple_deer.Policy.ExtrinsicReward.sum": {
            "value": -1375.5893189907074,
            "min": -5453.0758283138275,
            "max": -1375.5893189907074,
            "count": 2
        },
        "simple_deer.IsTraining.mean": {
            "value": 1.0,
            "min": 1.0,
            "max": 1.0,
            "count": 2
        },
        "simple_deer.IsTraining.sum": {
            "value": 1.0,
            "min": 1.0,
            "max": 1.0,
            "count": 2
        },
        "simple_deer.Losses.PolicyLoss.mean": {
            "value": 1.4336312803244768,
            "min": 1.4336312803244768,
            "max": 1.4336312803244768,
            "count": 1
        },
        "simple_deer.Losses.PolicyLoss.sum": {
            "value": 713.9483776015894,
            "min": 713.9483776015894,
            "max": 713.9483776015894,
            "count": 1
        },
        "simple_deer.Losses.ValueLoss.mean": {
            "value": 0.05319103996451848,
            "min": 0.05319103996451848,
            "max": 0.05319103996451848,
            "count": 1
        },
        "simple_deer.Losses.ValueLoss.sum": {
            "value": 26.489137902330203,
            "min": 26.489137902330203,
            "max": 26.489137902330203,
            "count": 1
        },
        "simple_deer.Losses.Q1Loss.mean": {
            "value": 39.823597253008536,
            "min": 39.823597253008536,
            "max": 39.823597253008536,
            "count": 1
        },
        "simple_deer.Losses.Q1Loss.sum": {
            "value": 19832.151431998253,
            "min": 19832.151431998253,
            "max": 19832.151431998253,
            "count": 1
        },
        "simple_deer.Losses.Q2Loss.mean": {
            "value": 39.86681402785703,
            "min": 39.86681402785703,
            "max": 39.86681402785703,
            "count": 1
        },
        "simple_deer.Losses.Q2Loss.sum": {
            "value": 19853.6733858728,
            "min": 19853.6733858728,
            "max": 19853.6733858728,
            "count": 1
        },
        "simple_deer.Policy.DiscreteEntropyCoeff.mean": {
            "value": 0.010101472580538083,
            "min": 0.010101472580538083,
            "max": 0.010101472580538083,
            "count": 1
        },
        "simple_deer.Policy.DiscreteEntropyCoeff.sum": {
            "value": 5.0305333451079655,
            "min": 5.0305333451079655,
            "max": 5.0305333451079655,
            "count": 1
        },
        "simple_deer.Policy.ContinuousEntropyCoeff.mean": {
            "value": 0.009999999776482582,
            "min": 0.009999999776482582,
            "max": 0.009999999776482582,
            "count": 1
        },
        "simple_deer.Policy.ContinuousEntropyCoeff.sum": {
            "value": 4.979999888688326,
            "min": 4.979999888688326,
            "max": 4.979999888688326,
            "count": 1
        },
        "simple_deer.Policy.LearningRate.mean": {
            "value": 0.00010000000000000003,
            "min": 0.00010000000000000003,
            "max": 0.00010000000000000003,
            "count": 1
        },
        "simple_deer.Policy.LearningRate.sum": {
            "value": 0.04980000000000002,
            "min": 0.04980000000000002,
            "max": 0.04980000000000002,
            "count": 1
        },
        "simple_wolf.Policy.Entropy.mean": {
            "value": 1.0798054933547974,
            "min": 1.0798054933547974,
            "max": 1.0798054933547974,
            "count": 1
        },
        "simple_wolf.Policy.Entropy.sum": {
            "value": 10807.7734375,
            "min": 10807.7734375,
            "max": 10807.7734375,
            "count": 1
        },
        "simple_wolf.Step.mean": {
            "value": 9945.0,
            "min": 9945.0,
            "max": 9945.0,
            "count": 1
        },
        "simple_wolf.Step.sum": {
            "value": 9945.0,
            "min": 9945.0,
            "max": 9945.0,
            "count": 1
        },
        "simple_wolf.Policy.ExtrinsicValue.mean": {
            "value": -0.5743366479873657,
            "min": -0.5743366479873657,
            "max": -0.5743366479873657,
            "count": 1
        },
        "simple_wolf.Policy.ExtrinsicValue.sum": {
            "value": -1365.1982421875,
            "min": -1365.1982421875,
            "max": -1365.1982421875,
            "count": 1
        },
        "simple_wolf.Environment.EpisodeLength.mean": {
            "value": 3.3701901813356923,
            "min": 3.3701901813356923,
            "max": 3.3701901813356923,
            "count": 1
        },
        "simple_wolf.Environment.EpisodeLength.sum": {
            "value": 7620.0,
            "min": 7620.0,
            "max": 7620.0,
            "count": 1
        },
        "simple_wolf.Environment.CumulativeReward.mean": {
            "value": -0.9938106133261913,
            "min": -0.9938106133261913,
            "max": -0.9938106133261913,
            "count": 1
        },
        "simple_wolf.Environment.CumulativeReward.sum": {
            "value": -2247.0057967305183,
            "min": -2247.0057967305183,
            "max": -2247.0057967305183,
            "count": 1
        },
        "simple_wolf.Policy.ExtrinsicReward.mean": {
            "value": -0.9938106133261913,
            "min": -0.9938106133261913,
            "max": -0.9938106133261913,
            "count": 1
        },
        "simple_wolf.Policy.ExtrinsicReward.sum": {
            "value": -2247.0057967305183,
            "min": -2247.0057967305183,
            "max": -2247.0057967305183,
            "count": 1
        },
        "simple_wolf.IsTraining.mean": {
            "value": 1.0,
            "min": 1.0,
            "max": 1.0,
            "count": 1
        },